title,rating,ratingLevel,ratingDescription
White Chicks,PG-13,"crude and sexual humor, language and some drug content",80
Lucky Number Slevin,R,"strong violence, sexual content and adult language",100
Grey's Anatomy,TV-14,Parents strongly cautioned. May be unsuitable for children ages 14 and under.,90
Prison Break,TV-14,Parents strongly cautioned. May be unsuitable for children ages 14 and under.,90
How I Met Your Mother,TV-PG,Parental guidance suggested. May not be suitable for all children.,70
Supernatural,TV-14,Parents strongly cautioned. May be unsuitable for children ages 14 and under.,90
Breaking Bad,TV-MA,For mature audiences.  May not be suitable for children 17 and under.,110
The Vampire Diaries,TV-14,Parents strongly cautioned. May be unsuitable for children ages 14 and under.,90
The Walking Dead,TV-MA,For mature audiences.  May not be suitable for children 17 and under.,110
Pretty Little Liars,TV-14,Parents strongly cautioned. May be unsuitable for children ages 14 and under.,90
Once Upon a Time,TV-PG,Parental guidance suggested. May not be suitable for all children.,70
Sherlock,TV-14,Parents strongly cautioned. May be unsuitable for children ages 14 and under.,90
Death Note,TV-14,Parents strongly cautioned. May be unsuitable for children ages 14 and under.,90
Naruto,TV-PG,Parental guidance suggested. May not be suitable for all children.,70
The Hunter,R,language and brief violence,100
Lottie Dottie Chicken,TV-Y,Suitable for all ages.,10
Arrow,TV-14,Parents strongly cautioned. May be unsuitable for children ages 14 and under.,90
Black Mirror,TV-MA,For mature audiences.  May not be suitable for children 17 and under.,110
The Originals,TV-14,Parents strongly cautioned. May be unsuitable for children ages 14 and under.,90
The 100,NR,This movie has not been rated.,124
Masha and the Bear,TV-Y,Suitable for all ages.,10
"ÌÒ Pai, ÌÒ - Look at This",TV-MA,For mature audiences.  May not be suitable for children 17 and under.,110
Nymphomaniac: Volume 1,NR,This movie has not been rated.,124
Hunter X Hunter (2011),NR,This movie has not been rated.,124
Marvel's Luke Cage,TV-MA,For mature audiences.  May not be suitable for children 17 and under.,110
Marvel's Iron Fist,TV-MA,,110
Narcos,TV-MA,For mature audiences.  May not be suitable for children 17 and under.,110
The Flash,TV-PG,Parental guidance suggested. May not be suitable for all children.,70
The Seven Deadly Sins,TV-14,Parents strongly cautioned. May be unsuitable for children ages 14 and under.,90
Scream,TV-14,Parents strongly cautioned. May be unsuitable for children ages 14 and under.,90
The Do-Over,TV-MA,For mature audiences.  May not be suitable for children 17 and under.,110
OperaÌ¤Ìµes Especiais,TV-MA,,110
3%,TV-MA,For mature audiences.  May not be suitable for children 17 and under.,110
Trollhunters,TV-Y7-FV,Suitable for children ages 7 and older.  Content contains fantasy violence.,42
Fearless,TV-14,Parents strongly cautioned. May be unsuitable for children ages 14 and under.,90
Hyena Road,R,"bloody war violence, language throughout and some sexual material",100
Santa Clarita Diet,TV-MA,For mature audiences.  May not be suitable for children 17 and under.,110
"Sex, Love and Therapy",NR,This movie has not been rated.,124
White Girl,UR,"This movie has not been rated. Intended for adults only and may contain sex, violence, drugs, language or other adult themes.",124
Girlboss,TV-MA,,110
City of God: 10 Years Later,TV-MA,For mature audiences.  May not be suitable for children 17 and under.,110
13 Reasons Why,TV-MA,For mature audiences.  May not be suitable for children 17 and under.,110
Sand Castle,TV-MA,,110
Salvador Martinha - Tip of the Tongue,TV-MA,For mature audiences.  May not be suitable for children 17 and under.,110
Sandy Wexler,TV-14,,90
O Amor no DivÌ£,TV-MA,,110
Stronger Than the World,NR,,124
Back and Forth,NR,This movie has not been rated.,124
Happily Married,TV-14,,90
Pandora,TV-MA,,110
Lucky Number Slevin,R,"strong violence, sexual content and adult language",100
The Office (U.S.),TV-14,Parents strongly cautioned. May be unsuitable for children ages 14 and under.,90
Grey's Anatomy,TV-14,Parents strongly cautioned. May be unsuitable for children ages 14 and under.,90
Prison Break,TV-14,Parents strongly cautioned. May be unsuitable for children ages 14 and under.,90
90210,TV-14,Parents strongly cautioned. May be unsuitable for children ages 14 and under.,90
Gossip Girl,TV-14,Parents strongly cautioned. May be unsuitable for children ages 14 and under.,90
How I Met Your Mother,TV-PG,Parental guidance suggested. May not be suitable for all children.,70
Supernatural,TV-14,Parents strongly cautioned. May be unsuitable for children ages 14 and under.,90
Breaking Bad,TV-MA,For mature audiences.  May not be suitable for children 17 and under.,110
Parks and Recreation,TV-14,Parents strongly cautioned. May be unsuitable for children ages 14 and under.,90
Glee,TV-PG,Parental guidance suggested. May not be suitable for all children.,70
The Vampire Diaries,TV-14,Parents strongly cautioned. May be unsuitable for children ages 14 and under.,90
Family Guy,TV-MA,For mature audiences.  May not be suitable for children 17 and under.,110
Criminal Minds,TV-14,Parents strongly cautioned. May be unsuitable for children ages 14 and under.,90
Friends,TV-14,Parents strongly cautioned. May be unsuitable for children ages 14 and under.,90
The Secret Life of the American Teenager,TV-14,Parents strongly cautioned. May be unsuitable for children ages 14 and under.,90
One Tree Hill,TV-14,Parents strongly cautioned. May be unsuitable for children ages 14 and under.,90
The Walking Dead,TV-MA,For mature audiences.  May not be suitable for children 17 and under.,110
Pretty Little Liars,TV-14,Parents strongly cautioned. May be unsuitable for children ages 14 and under.,90
Shameless (U.S.),TV-MA,For mature audiences.  May not be suitable for children 17 and under.,110
New Girl,TV-14,Parents strongly cautioned. May be unsuitable for children ages 14 and under.,90
American Horror Story,TV-MA,For mature audiences.  May not be suitable for children 17 and under.,110
Orange Is the New Black,TV-MA,For mature audiences.  May not be suitable for children 17 and under.,110
Inside Russia's Toughest Prison,TV-14,Parents strongly cautioned. May be unsuitable for children ages 14 and under.,90
Black Mirror,TV-MA,For mature audiences.  May not be suitable for children 17 and under.,110
Bates Motel,TV-14,Parents strongly cautioned. May be unsuitable for children ages 14 and under.,90
The 100,NR,This movie has not been rated.,124
Marvel's Iron Fist,TV-MA,,110
Grace and Frankie,TV-MA,For mature audiences.  May not be suitable for children 17 and under.,110
How to Get Away with Murder,TV-14,Parents strongly cautioned. May be unsuitable for children ages 14 and under.,90
The Get Down,TV-MA,For mature audiences.  May not be suitable for children 17 and under.,110
Love,TV-MA,For mature audiences.  May not be suitable for children 17 and under.,110
The Flash,TV-PG,Parental guidance suggested. May not be suitable for all children.,70
The OA,TV-MA,For mature audiences.  May not be suitable for children 17 and under.,110
Stranger Things,TV-14,Parents strongly cautioned. May be unsuitable for children ages 14 and under.,90
Ingobernable,TV-MA,,110
Zootopia,PG,"some thematic elements, rude humor and action",60
Meet the Blacks,R,"pervasive language, some sexual material, violence and drug use",100
Finding Dory,PG,mild thematic elements,60
Santa Clarita Diet,TV-MA,For mature audiences.  May not be suitable for children 17 and under.,110
Sausage Party,R,"strong crude sexual content, pervasive language, and drug use",100
Pete's Dragon,PG,"for action, peril and brief language",60
Kevin Hart: What Now?,R,"some sexual material, and language throughout",100
Girlboss,TV-MA,,110
The Discovery,TV-MA,,110
Sand Castle,TV-MA,,110
Sandy Wexler,TV-14,,90
Chewing Gum,TV-MA,For mature audiences.  May not be suitable for children 17 and under.,110
Cheer Squad,TV-PG,,70
Only for One Night,TV-MA,,110
The Life Aquatic with Steve Zissou,R,"language, some drug use, violence and partial nudity",100
Lucky Number Slevin,R,"strong violence, sexual content and adult language",100
The L Word,TV-MA,For mature audiences.  May not be suitable for children 17 and under.,110
The Office (U.S.),TV-14,Parents strongly cautioned. May be unsuitable for children ages 14 and under.,90
30 Rock,TV-14,Parents strongly cautioned. May be unsuitable for children ages 14 and under.,90
Mad Men,TV-14,Parents strongly cautioned. May be unsuitable for children ages 14 and under.,90
It's Always Sunny in Philadelphia,TV-MA,For mature audiences.  May not be suitable for children 17 and under.,110
Californication,TV-MA,For mature audiences.  May not be suitable for children 17 and under.,110
Parks and Recreation,TV-14,Parents strongly cautioned. May be unsuitable for children ages 14 and under.,90
Friends,TV-14,Parents strongly cautioned. May be unsuitable for children ages 14 and under.,90
Shameless (U.S.),TV-MA,For mature audiences.  May not be suitable for children 17 and under.,110
Portlandia,TV-14,Parents strongly cautioned. May be unsuitable for children ages 14 and under.,90
New Girl,TV-14,Parents strongly cautioned. May be unsuitable for children ages 14 and under.,90
Don't Trust the B---- in Apartment 23,TV-14,Parents strongly cautioned. May be unsuitable for children ages 14 and under.,90
Friends with Benefits,TV-14,Parents strongly cautioned. May be unsuitable for children ages 14 and under.,90
The Client List,TV-14,Parents strongly cautioned. May be unsuitable for children ages 14 and under.,90
Halt and Catch Fire,TV-14,Parents strongly cautioned. May be unsuitable for children ages 14 and under.,90
5 to 7,R,some sexual material,100
Marvel's Iron Fist,TV-MA,,110
Chef's Table,TV-MA,For mature audiences.  May not be suitable for children 17 and under.,110
Documentary Now!,TV-14,Parents strongly cautioned. May be unsuitable for children ages 14 and under.,90
Grace and Frankie,TV-MA,For mature audiences.  May not be suitable for children 17 and under.,110
Better Call Saul,TV-MA,For mature audiences.  May not be suitable for children 17 and under.,110
The Get Down,TV-MA,For mature audiences.  May not be suitable for children 17 and under.,110
Schitt's Creek,TV-14,Parents strongly cautioned. May be unsuitable for children ages 14 and under.,90
Lovesick,TV-MA,For mature audiences.  May not be suitable for children 17 and under.,110
Flaked,TV-MA,For mature audiences.  May not be suitable for children 17 and under.,110
Master of None,TV-MA,For mature audiences.  May not be suitable for children 17 and under.,110
Chelsea,TV-MA,For mature audiences.  May not be suitable for children 17 and under.,110
Abstract: The Art of Design,TV-14,,90
Cooper Barrett's Guide to Surviving Life,TV-14,Parents strongly cautioned. May be unsuitable for children ages 14 and under.,90
The Great British Baking Show,TV-PG,Parental guidance suggested. May not be suitable for all children.,70
Life in Pieces,TV-14,Parents strongly cautioned. May be unsuitable for children ages 14 and under.,90
Crazy Ex-Girlfriend,TV-14,Parents strongly cautioned. May be unsuitable for children ages 14 and under.,90
Easy,TV-MA,For mature audiences.  May not be suitable for children 17 and under.,110
Santa Clarita Diet,TV-MA,For mature audiences.  May not be suitable for children 17 and under.,110
No Tomorrow,TV-14,Parents strongly cautioned. May be unsuitable for children ages 14 and under.,90
Minimalism: A Documentary About the Important Things,TV-PG,,70
Girlboss,TV-MA,,110
Hot Girls Wanted: Turned On,TV-MA,,110
The Discovery,TV-MA,,110
13 Reasons Why,TV-MA,For mature audiences.  May not be suitable for children 17 and under.,110
Sandy Wexler,TV-14,,90
Chewing Gum,TV-MA,For mature audiences.  May not be suitable for children 17 and under.,110
Win It All,TV-MA,,110
MerlÌ_,TV-PG,Parental guidance suggested. May not be suitable for all children.,70
Amy Schumer: The Leather Special,TV-MA,,110
Louis C.K. 2017,TV-MA,,110
Dave Chappelle,TV-MA,For mature audiences.  May not be suitable for children 17 and under.,110
Almost Adults,NR,This movie has not been rated.,124
The Brothers,R,strong sexual content and language,100
Skins,TV-MA,For mature audiences.  May not be suitable for children 17 and under.,110
The Cleveland Show,TV-14,Parents strongly cautioned. May be unsuitable for children ages 14 and under.,90
Absolutely Fabulous,TV-14,Parents strongly cautioned. May be unsuitable for children ages 14 and under.,90
Don't Trust the B---- in Apartment 23,TV-14,Parents strongly cautioned. May be unsuitable for children ages 14 and under.,90
Raising Hope,TV-14,Parents strongly cautioned. May be unsuitable for children ages 14 and under.,90
Come Fly With Me,TV-14,Parents strongly cautioned. May be unsuitable for children ages 14 and under.,90
Orange Is the New Black,TV-MA,For mature audiences.  May not be suitable for children 17 and under.,110
Brickleberry,TV-MA,For mature audiences.  May not be suitable for children 17 and under.,110
Bates Motel,TV-14,Parents strongly cautioned. May be unsuitable for children ages 14 and under.,90
BoJack Horseman,TV-MA,For mature audiences.  May not be suitable for children 17 and under.,110
Being Mary Jane: The Series,TV-14,Parents strongly cautioned. May be unsuitable for children ages 14 and under.,90
Documentary Now!,TV-14,Parents strongly cautioned. May be unsuitable for children ages 14 and under.,90
Grace and Frankie,TV-MA,For mature audiences.  May not be suitable for children 17 and under.,110
Unbreakable Kimmy Schmidt,TV-14,Parents strongly cautioned. May be unsuitable for children ages 14 and under.,90
The Get Down,TV-MA,For mature audiences.  May not be suitable for children 17 and under.,110
Love,TV-MA,For mature audiences.  May not be suitable for children 17 and under.,110
Bordertown,TV-14,Parents strongly cautioned. May be unsuitable for children ages 14 and under.,90
Jane The Virgin,TV-14,Parents strongly cautioned. May be unsuitable for children ages 14 and under.,90
Schitt's Creek,TV-14,Parents strongly cautioned. May be unsuitable for children ages 14 and under.,90
Dope,R,"language, drug content, sexuality/nudity, and some violence-all involving teens",100
Lovesick,TV-MA,For mature audiences.  May not be suitable for children 17 and under.,110
The Carmichael Show,TV-14,Parents strongly cautioned. May be unsuitable for children ages 14 and under.,90
Cooper Barrett's Guide to Surviving Life,TV-14,Parents strongly cautioned. May be unsuitable for children ages 14 and under.,90
The Great British Baking Show,TV-PG,Parental guidance suggested. May not be suitable for all children.,70
November Rule,TV-14,Parents strongly cautioned. May be unsuitable for children ages 14 and under.,90
Life in Pieces,TV-14,Parents strongly cautioned. May be unsuitable for children ages 14 and under.,90
Crazy Ex-Girlfriend,TV-14,Parents strongly cautioned. May be unsuitable for children ages 14 and under.,90
Easy,TV-MA,For mature audiences.  May not be suitable for children 17 and under.,110
Haters Back Off,TV-14,Parents strongly cautioned. May be unsuitable for children ages 14 and under.,90
Kubo and the Two Strings,PG,"thematic elements, scary images, action and peril",60
Skins,TV-MA,,110
A Weekend with the Family,TV-MA,For mature audiences.  May not be suitable for children 17 and under.,110
Crazyhead,TV-MA,For mature audiences.  May not be suitable for children 17 and under.,110
Queen of Katwe,PG,"thematic elements, an accident scene and some suggestive material",60
Little Boxes,TV-14,Parents strongly cautioned. May be unsuitable for children ages 14 and under.,90
Deidra & Laney Rob a Train,TV-14,,90
Girlboss,TV-MA,,110
Hot Girls Wanted: Turned On,TV-MA,,110
13 Reasons Why,TV-MA,For mature audiences.  May not be suitable for children 17 and under.,110
Hurricane Bianca,TV-MA,,110
Honeytrap,NR,This movie has not been rated.,124
Greenleaf,TV-14,Parents strongly cautioned. May be unsuitable for children ages 14 and under.,90
Lazy Eye,TV-MA,,110
Like Cotton Twines,NR,,124
The Wedding Party,TV-14,,90
Dave Chappelle,TV-MA,For mature audiences.  May not be suitable for children 17 and under.,110
Only for One Night,TV-MA,,110
Boy Bye,TV-MA,,110
Almost Adults,NR,This movie has not been rated.,124
Nancy Drew,PG,Parental guidance suggested. May not be suitable for children.,60
30 Rock,TV-14,Parents strongly cautioned. May be unsuitable for children ages 14 and under.,90
Nurse Jackie,TV-MA,For mature audiences.  May not be suitable for children 17 and under.,110
Parks and Recreation,TV-14,Parents strongly cautioned. May be unsuitable for children ages 14 and under.,90
Drop Dead Diva,TV-PG,Parental guidance suggested. May not be suitable for all children.,70
Gilmore Girls,TV-14,Parents strongly cautioned. May be unsuitable for children ages 14 and under.,90
Parenthood,TV-14,Parents strongly cautioned. May be unsuitable for children ages 14 and under.,90
Life Unexpected,TV-PG,Parental guidance suggested. May not be suitable for all children.,70
Portlandia,TV-14,Parents strongly cautioned. May be unsuitable for children ages 14 and under.,90
New Girl,TV-14,Parents strongly cautioned. May be unsuitable for children ages 14 and under.,90
Don't Trust the B---- in Apartment 23,TV-14,Parents strongly cautioned. May be unsuitable for children ages 14 and under.,90
Raising Hope,TV-14,Parents strongly cautioned. May be unsuitable for children ages 14 and under.,90
Being Human (U.S.),TV-14,Parents strongly cautioned. May be unsuitable for children ages 14 and under.,90
Friends with Benefits,TV-14,Parents strongly cautioned. May be unsuitable for children ages 14 and under.,90
The Carrie Diaries,TV-14,Parents strongly cautioned. May be unsuitable for children ages 14 and under.,90
Baby Daddy,TV-14,Parents strongly cautioned. May be unsuitable for children ages 14 and under.,90
Halt and Catch Fire,TV-14,Parents strongly cautioned. May be unsuitable for children ages 14 and under.,90
The Angriest Man in Brooklyn,R,Restricted. May be inappropriate for children 17 and under.,100
5 to 7,R,some sexual material,100
Chef's Table,TV-MA,For mature audiences.  May not be suitable for children 17 and under.,110
Grace and Frankie,TV-MA,For mature audiences.  May not be suitable for children 17 and under.,110
Unbreakable Kimmy Schmidt,TV-14,Parents strongly cautioned. May be unsuitable for children ages 14 and under.,90
The Get Down,TV-MA,For mature audiences.  May not be suitable for children 17 and under.,110
Sense8,TV-MA,For mature audiences.  May not be suitable for children 17 and under.,110
Love,TV-MA,For mature audiences.  May not be suitable for children 17 and under.,110
Bordertown,TV-14,Parents strongly cautioned. May be unsuitable for children ages 14 and under.,90
Girlfriends' Guide to Divorce,TV-14,Parents strongly cautioned. May be unsuitable for children ages 14 and under.,90
Schitt's Creek,TV-14,Parents strongly cautioned. May be unsuitable for children ages 14 and under.,90
The Carmichael Show,TV-14,Parents strongly cautioned. May be unsuitable for children ages 14 and under.,90
Chelsea,TV-MA,For mature audiences.  May not be suitable for children 17 and under.,110
Abstract: The Art of Design,TV-14,,90
Cooper Barrett's Guide to Surviving Life,TV-14,Parents strongly cautioned. May be unsuitable for children ages 14 and under.,90
The Great British Baking Show,TV-PG,Parental guidance suggested. May not be suitable for all children.,70
Life in Pieces,TV-14,Parents strongly cautioned. May be unsuitable for children ages 14 and under.,90
Crazy Ex-Girlfriend,TV-14,Parents strongly cautioned. May be unsuitable for children ages 14 and under.,90
Fried,TV-MA,For mature audiences.  May not be suitable for children 17 and under.,110
The Great Gilly Hopkins,PG,for thematic material and language,60
The Magicians,TV-MA,For mature audiences.  May not be suitable for children 17 and under.,110
One Day at a Time,TV-PG,Parental guidance suggested. May not be suitable for all children.,70
No Tomorrow,TV-14,Parents strongly cautioned. May be unsuitable for children ages 14 and under.,90
Hot Girls Wanted: Turned On,TV-MA,,110
13 Reasons Why,TV-MA,For mature audiences.  May not be suitable for children 17 and under.,110
Better Off Single,TV-MA,,110
Sandy Wexler,TV-14,,90
Chewing Gum,TV-MA,For mature audiences.  May not be suitable for children 17 and under.,110
The Matchbreaker,PG,Parental guidance suggested. May not be suitable for children.,60
Tramps,TV-MA,,110
Slam,TV-MA,,110
Cheer Squad,TV-PG,,70
Almost Adults,NR,This movie has not been rated.,124
The Waterboy,PG-13,language and some crude sexual humor,80
10 Things I Hate About You,PG-13,"adult content, adult language and mild violence",80
Grease,PG,Parental guidance suggested. May not be suitable for children.,60
How to Lose a Guy in 10 Days,PG-13,some sex-related material,80
The Benchwarmers,PG-13,"crude and suggestive humor, and for language",80
Step Up,PG-13,"thematic elements, brief violence and innuendo",80
High School Musical 2,TV-G,Suitable for all ages.,35
Twilight,PG-13,some violence and one sexual scene,80
Coraline,PG,"thematic elements, scary images, some language and suggestive humor",60
Hannah Montana: The Movie,G,General Audiences. Suitable for all ages.,35
The Office (U.S.),TV-14,Parents strongly cautioned. May be unsuitable for children ages 14 and under.,90
Friday Night Lights,TV-PG,Parental guidance suggested. May not be suitable for all children.,70
StarStruck,TV-G,Suitable for all ages.,35
Grey's Anatomy,TV-14,Parents strongly cautioned. May be unsuitable for children ages 14 and under.,90
Prison Break,TV-14,Parents strongly cautioned. May be unsuitable for children ages 14 and under.,90
90210,TV-14,Parents strongly cautioned. May be unsuitable for children ages 14 and under.,90
Gossip Girl,TV-14,Parents strongly cautioned. May be unsuitable for children ages 14 and under.,90
How I Met Your Mother,TV-PG,Parental guidance suggested. May not be suitable for all children.,70
Glee,TV-PG,Parental guidance suggested. May not be suitable for all children.,70
The Vampire Diaries,TV-14,Parents strongly cautioned. May be unsuitable for children ages 14 and under.,90
Family Guy,TV-MA,For mature audiences.  May not be suitable for children 17 and under.,110
Criminal Minds,TV-14,Parents strongly cautioned. May be unsuitable for children ages 14 and under.,90
Friends,TV-14,Parents strongly cautioned. May be unsuitable for children ages 14 and under.,90
Mean Girls 2,PG-13,"For some rude and suggestive material, and for language.",80
The Secret Life of the American Teenager,TV-14,Parents strongly cautioned. May be unsuitable for children ages 14 and under.,90
That '70s Show,TV-14,Parents strongly cautioned. May be unsuitable for children ages 14 and under.,90
Gilmore Girls,TV-14,Parents strongly cautioned. May be unsuitable for children ages 14 and under.,90
Parenthood,TV-14,Parents strongly cautioned. May be unsuitable for children ages 14 and under.,90
Heartland,TV-PG,Parental guidance suggested. May not be suitable for all children.,70
Pretty Little Liars,TV-14,Parents strongly cautioned. May be unsuitable for children ages 14 and under.,90
Shameless (U.S.),TV-MA,For mature audiences.  May not be suitable for children 17 and under.,110
Switched at Birth,TV-14,Parents strongly cautioned. May be unsuitable for children ages 14 and under.,90
New Girl,TV-14,Parents strongly cautioned. May be unsuitable for children ages 14 and under.,90
Hart of Dixie,TV-PG,Parental guidance suggested. May not be suitable for all children.,70
The Client List,TV-14,Parents strongly cautioned. May be unsuitable for children ages 14 and under.,90
The Carrie Diaries,TV-14,Parents strongly cautioned. May be unsuitable for children ages 14 and under.,90
Safe Haven,PG-13,"thematic material involving threatening behavior, and for violence and sexuality",80
Baby Daddy,TV-14,Parents strongly cautioned. May be unsuitable for children ages 14 and under.,90
The Night Shift,TV-14,Parents strongly cautioned. May be unsuitable for children ages 14 and under.,90
Reign,TV-14,Parents strongly cautioned. May be unsuitable for children ages 14 and under.,90
Grace and Frankie,TV-MA,For mature audiences.  May not be suitable for children 17 and under.,110
How to Get Away with Murder,TV-14,Parents strongly cautioned. May be unsuitable for children ages 14 and under.,90
Fuller House,TV-G,Suitable for all ages.,35
Finding Dory,PG,mild thematic elements,60
Gilmore Girls: A Year in the Life,TV-14,Parents strongly cautioned. May be unsuitable for children ages 14 and under.,90
13 Reasons Why,TV-MA,For mature audiences.  May not be suitable for children 17 and under.,110
Gabriel lglesias: I‰Ûªm Sorry For What I Said When I Was Hungry,TV-14,Parents strongly cautioned. May be unsuitable for children ages 14 and under.,90
Amy Schumer: The Leather Special,TV-MA,,110
Cheer Squad,TV-PG,,70
Dave Chappelle,TV-MA,For mature audiences.  May not be suitable for children 17 and under.,110
The Waterboy,PG-13,language and some crude sexual humor,80
Grease,PG,Parental guidance suggested. May not be suitable for children.,60
The Wedding Planner,PG-13,language and some sexual humor,80
Blow,R,"pervasive drug content and language, some violence and sexuality",100
High School Musical,TV-G,Suitable for all ages.,35
High School Musical 2,TV-G,Suitable for all ages.,35
Twilight,PG-13,some violence and one sexual scene,80
Hannah Montana: The Movie,G,General Audiences. Suitable for all ages.,35
The Office (U.S.),TV-14,Parents strongly cautioned. May be unsuitable for children ages 14 and under.,90
Bones,TV-14,Parents strongly cautioned. May be unsuitable for children ages 14 and under.,90
Law & Order: Special Victims Unit,TV-14,Parents strongly cautioned. May be unsuitable for children ages 14 and under.,90
Prison Break,TV-14,Parents strongly cautioned. May be unsuitable for children ages 14 and under.,90
Nurse Jackie,TV-MA,For mature audiences.  May not be suitable for children 17 and under.,110
NCIS,TV-14,Parents strongly cautioned. May be unsuitable for children ages 14 and under.,90
Gossip Girl,TV-14,Parents strongly cautioned. May be unsuitable for children ages 14 and under.,90
How I Met Your Mother,TV-PG,Parental guidance suggested. May not be suitable for all children.,70
Supernatural,TV-14,Parents strongly cautioned. May be unsuitable for children ages 14 and under.,90
Parks and Recreation,TV-14,Parents strongly cautioned. May be unsuitable for children ages 14 and under.,90
Glee,TV-PG,Parental guidance suggested. May not be suitable for all children.,70
The Vampire Diaries,TV-14,Parents strongly cautioned. May be unsuitable for children ages 14 and under.,90
Criminal Minds,TV-14,Parents strongly cautioned. May be unsuitable for children ages 14 and under.,90
Friends,TV-14,Parents strongly cautioned. May be unsuitable for children ages 14 and under.,90
Mean Girls 2,PG-13,"For some rude and suggestive material, and for language.",80
The Secret Life of the American Teenager,TV-14,Parents strongly cautioned. May be unsuitable for children ages 14 and under.,90
One Tree Hill,TV-14,Parents strongly cautioned. May be unsuitable for children ages 14 and under.,90
Army Wives,TV-14,Parents strongly cautioned. May be unsuitable for children ages 14 and under.,90
Gilmore Girls,TV-14,Parents strongly cautioned. May be unsuitable for children ages 14 and under.,90
Private Practice,TV-14,Parents strongly cautioned. May be unsuitable for children ages 14 and under.,90
Parenthood,TV-14,Parents strongly cautioned. May be unsuitable for children ages 14 and under.,90
Pretty Little Liars,TV-14,Parents strongly cautioned. May be unsuitable for children ages 14 and under.,90
Shameless (U.S.),TV-MA,For mature audiences.  May not be suitable for children 17 and under.,110
New Girl,TV-14,Parents strongly cautioned. May be unsuitable for children ages 14 and under.,90
Revenge,TV-PG,Parental guidance suggested. May not be suitable for all children.,70
Scandal,TV-14,Parents strongly cautioned. May be unsuitable for children ages 14 and under.,90
Magic Mike,R,"pervasive sexual content, brief graphic nudity, language and some drug use",100
Trouble with the Curve,PG-13,Parents strongly cautioned. May be inappropriate for children under 13.,80
Orange Is the New Black,TV-MA,For mature audiences.  May not be suitable for children 17 and under.,110
Baby Daddy,TV-14,Parents strongly cautioned. May be unsuitable for children ages 14 and under.,90
The Night Shift,TV-14,Parents strongly cautioned. May be unsuitable for children ages 14 and under.,90
The Originals,TV-14,Parents strongly cautioned. May be unsuitable for children ages 14 and under.,90
Home,PG,mild action and some rude humor,60
How to Get Away with Murder,TV-14,Parents strongly cautioned. May be unsuitable for children ages 14 and under.,90
Zootopia,PG,"some thematic elements, rude humor and action",60
Finding Dory,PG,mild thematic elements,60
Sausage Party,R,"strong crude sexual content, pervasive language, and drug use",100
Skin Wars,TV-14,Parents strongly cautioned. May be unsuitable for children ages 14 and under.,90
Girlboss,TV-MA,,110
13 Reasons Why,TV-MA,For mature audiences.  May not be suitable for children 17 and under.,110
Felipe Neto: My Life Makes No Sense,TV-MA,,110
Cheer Squad,TV-PG,,70
Lost,TV-14,Parents strongly cautioned. May be unsuitable for children ages 14 and under.,90
Weeds,TV-MA,For mature audiences.  May not be suitable for children 17 and under.,110
The Tudors,TV-MA,For mature audiences.  May not be suitable for children 17 and under.,110
Grey's Anatomy,TV-14,Parents strongly cautioned. May be unsuitable for children ages 14 and under.,90
Lie to Me,TV-14,Parents strongly cautioned. May be unsuitable for children ages 14 and under.,90
Prison Break,TV-14,Parents strongly cautioned. May be unsuitable for children ages 14 and under.,90
Gossip Girl,TV-14,Parents strongly cautioned. May be unsuitable for children ages 14 and under.,90
Glee,TV-PG,Parental guidance suggested. May not be suitable for all children.,70
The Vampire Diaries,TV-14,Parents strongly cautioned. May be unsuitable for children ages 14 and under.,90
The Secret Life of the American Teenager,TV-14,Parents strongly cautioned. May be unsuitable for children ages 14 and under.,90
Drop Dead Diva,TV-PG,Parental guidance suggested. May not be suitable for all children.,70
Gilmore Girls,TV-14,Parents strongly cautioned. May be unsuitable for children ages 14 and under.,90
Charmed,TV-PG,Parental guidance suggested. May not be suitable for all children.,70
White Collar,TV-PG,Parental guidance suggested. May not be suitable for all children.,70
House of Cards,TV-MA,For mature audiences.  May not be suitable for children 17 and under.,110
Pretty Little Liars,TV-14,Parents strongly cautioned. May be unsuitable for children ages 14 and under.,90
The Killing,TV-14,Parents strongly cautioned. May be unsuitable for children ages 14 and under.,90
Shameless (U.S.),TV-MA,For mature audiences.  May not be suitable for children 17 and under.,110
Hart of Dixie,TV-PG,Parental guidance suggested. May not be suitable for all children.,70
Once Upon a Time,TV-PG,Parental guidance suggested. May not be suitable for all children.,70
Scandal,TV-14,Parents strongly cautioned. May be unsuitable for children ages 14 and under.,90
The Client List,TV-14,Parents strongly cautioned. May be unsuitable for children ages 14 and under.,90
Unconditional,PG-13,some violent content and mature thematic elements,80
Bates Motel,TV-14,Parents strongly cautioned. May be unsuitable for children ages 14 and under.,90
The Blacklist,TV-14,Parents strongly cautioned. May be unsuitable for children ages 14 and under.,90
The Fosters,TV-14,Parents strongly cautioned. May be unsuitable for children ages 14 and under.,90
Reign,TV-14,Parents strongly cautioned. May be unsuitable for children ages 14 and under.,90
The Originals,TV-14,Parents strongly cautioned. May be unsuitable for children ages 14 and under.,90
The 100,NR,This movie has not been rated.,124
Witches of East End,TV-14,Parents strongly cautioned. May be unsuitable for children ages 14 and under.,90
Bitten,TV-MA,For mature audiences.  May not be suitable for children 17 and under.,110
London Has Fallen,R,strong violence and language throughout,100
Marvel's Jessica Jones,TV-MA,For mature audiences.  May not be suitable for children 17 and under.,110
Bloodline,TV-MA,For mature audiences.  May not be suitable for children 17 and under.,110
Grace and Frankie,TV-MA,For mature audiences.  May not be suitable for children 17 and under.,110
Velvet,TV-14,Parents strongly cautioned. May be unsuitable for children ages 14 and under.,90
How to Get Away with Murder,TV-14,Parents strongly cautioned. May be unsuitable for children ages 14 and under.,90
The Crown,TV-MA,For mature audiences.  May not be suitable for children 17 and under.,110
Jane The Virgin,TV-14,Parents strongly cautioned. May be unsuitable for children ages 14 and under.,90
Kurt Seyit & Sura,TV-14,Parents strongly cautioned. May be unsuitable for children ages 14 and under.,90
The Returned,TV-14,Parents strongly cautioned. May be unsuitable for children ages 14 and under.,90
The Girl in the Book,TV-MA,For mature audiences.  May not be suitable for children 17 and under.,110
Quantico,TV-14,Parents strongly cautioned. May be unsuitable for children ages 14 and under.,90
Life in Pieces,TV-14,Parents strongly cautioned. May be unsuitable for children ages 14 and under.,90
Ingobernable,TV-MA,,110
Girlboss,TV-MA,,110
13 Reasons Why,TV-MA,For mature audiences.  May not be suitable for children 17 and under.,110
MerlÌ_,TV-PG,Parental guidance suggested. May not be suitable for all children.,70
Greenleaf,TV-14,Parents strongly cautioned. May be unsuitable for children ages 14 and under.,90
100 Metros,TV-MA,For mature audiences.  May not be suitable for children 17 and under.,110
Bones,TV-14,Parents strongly cautioned. May be unsuitable for children ages 14 and under.,90
Dexter,TV-MA,For mature audiences.  May not be suitable for children 17 and under.,110
Leverage,TV-PG,Parental guidance suggested. May not be suitable for all children.,70
Grey's Anatomy,TV-14,Parents strongly cautioned. May be unsuitable for children ages 14 and under.,90
Lie to Me,TV-14,Parents strongly cautioned. May be unsuitable for children ages 14 and under.,90
Prison Break,TV-14,Parents strongly cautioned. May be unsuitable for children ages 14 and under.,90
NCIS,TV-14,Parents strongly cautioned. May be unsuitable for children ages 14 and under.,90
Burn Notice,TV-14,Parents strongly cautioned. May be unsuitable for children ages 14 and under.,90
Breaking Bad,TV-MA,For mature audiences.  May not be suitable for children 17 and under.,110
Criminal Minds,TV-14,Parents strongly cautioned. May be unsuitable for children ages 14 and under.,90
White Collar,TV-PG,Parental guidance suggested. May not be suitable for all children.,70
Luther,TV-14,Parents strongly cautioned. May be unsuitable for children ages 14 and under.,90
Hawaii Five-0,TV-14,"dialogue, language, sexual situations and violence",90
House of Cards,TV-MA,For mature audiences.  May not be suitable for children 17 and under.,110
Last Man Standing,TV-PG,Parental guidance suggested. May not be suitable for all children.,70
Revenge,TV-PG,Parental guidance suggested. May not be suitable for all children.,70
Person of Interest,TV-14,Parents strongly cautioned. May be unsuitable for children ages 14 and under.,90
Scandal,TV-14,Parents strongly cautioned. May be unsuitable for children ages 14 and under.,90
Touch,TV-14,Parents strongly cautioned. May be unsuitable for children ages 14 and under.,90
Sherlock,TV-14,Parents strongly cautioned. May be unsuitable for children ages 14 and under.,90
Breakout Kings,TV-14,Parents strongly cautioned. May be unsuitable for children ages 14 and under.,90
The Client List,TV-14,Parents strongly cautioned. May be unsuitable for children ages 14 and under.,90
Arrow,TV-14,Parents strongly cautioned. May be unsuitable for children ages 14 and under.,90
The Following,TV-14,Parents strongly cautioned. May be unsuitable for children ages 14 and under.,90
"Drugs, Inc.",TV-14,Parents strongly cautioned. May be unsuitable for children ages 14 and under.,90
Longmire,TV-14,Parents strongly cautioned. May be unsuitable for children ages 14 and under.,90
Ripper Street,TV-MA,For mature audiences.  May not be suitable for children 17 and under.,110
The Fall,TV-MA,For mature audiences.  May not be suitable for children 17 and under.,110
Death in Paradise,TV-14,Parents strongly cautioned. May be unsuitable for children ages 14 and under.,90
Marvel's Agents of S.H.I.E.L.D.,TV-PG,Parental guidance suggested. May not be suitable for all children.,70
Crossing Lines,TV-14,Parents strongly cautioned. May be unsuitable for children ages 14 and under.,90
London Has Fallen,R,strong violence and language throughout,100
Halt and Catch Fire,TV-14,Parents strongly cautioned. May be unsuitable for children ages 14 and under.,90
Marvel's Iron Fist,TV-MA,,110
The Honorable Woman,TV-MA,For mature audiences.  May not be suitable for children 17 and under.,110
Transporter: The Series,TV-MA,For mature audiences.  May not be suitable for children 17 and under.,110
Gotham,TV-14,Parents strongly cautioned. May be unsuitable for children ages 14 and under.,90
Better Call Saul,TV-MA,For mature audiences.  May not be suitable for children 17 and under.,110
How to Get Away with Murder,TV-14,Parents strongly cautioned. May be unsuitable for children ages 14 and under.,90
Narcos,TV-MA,For mature audiences.  May not be suitable for children 17 and under.,110
American Odyssey,TV-14,Parents strongly cautioned. May be unsuitable for children ages 14 and under.,90
Aquarius,TV-MA,For mature audiences.  May not be suitable for children 17 and under.,110
Hap and Leonard,TV-MA,,110
Rosewood,TV-14,Parents strongly cautioned. May be unsuitable for children ages 14 and under.,90
Quantico,TV-14,Parents strongly cautioned. May be unsuitable for children ages 14 and under.,90
Limitless,TV-14,Parents strongly cautioned. May be unsuitable for children ages 14 and under.,90
Travelers,TV-MA,For mature audiences.  May not be suitable for children 17 and under.,110
The Doctor Blake Mysteries,TV-MA,For mature audiences.  May not be suitable for children 17 and under.,110
I.T,NR,,124
Bordertown,TV-MA,For mature audiences.  May not be suitable for children 17 and under.,110
The Office (U.S.),TV-14,Parents strongly cautioned. May be unsuitable for children ages 14 and under.,90
Grey's Anatomy,TV-14,Parents strongly cautioned. May be unsuitable for children ages 14 and under.,90
Law & Order: Special Victims Unit,TV-14,Parents strongly cautioned. May be unsuitable for children ages 14 and under.,90
Lie to Me,TV-14,Parents strongly cautioned. May be unsuitable for children ages 14 and under.,90
Prison Break,TV-14,Parents strongly cautioned. May be unsuitable for children ages 14 and under.,90
90210,TV-14,Parents strongly cautioned. May be unsuitable for children ages 14 and under.,90
Gossip Girl,TV-14,Parents strongly cautioned. May be unsuitable for children ages 14 and under.,90
How I Met Your Mother,TV-PG,Parental guidance suggested. May not be suitable for all children.,70
Parks and Recreation,TV-14,Parents strongly cautioned. May be unsuitable for children ages 14 and under.,90
The Vampire Diaries,TV-14,Parents strongly cautioned. May be unsuitable for children ages 14 and under.,90
Criminal Minds,TV-14,Parents strongly cautioned. May be unsuitable for children ages 14 and under.,90
Friends,TV-14,Parents strongly cautioned. May be unsuitable for children ages 14 and under.,90
The West Wing,TV-14,Parents strongly cautioned. May be unsuitable for children ages 14 and under.,90
Parenthood,TV-14,Parents strongly cautioned. May be unsuitable for children ages 14 and under.,90
White Collar,TV-PG,Parental guidance suggested. May not be suitable for all children.,70
Blue Bloods,TV-14,Parents strongly cautioned. May be unsuitable for children ages 14 and under.,90
House of Cards,TV-MA,For mature audiences.  May not be suitable for children 17 and under.,110
Pretty Little Liars,TV-14,Parents strongly cautioned. May be unsuitable for children ages 14 and under.,90
The Killing,TV-14,Parents strongly cautioned. May be unsuitable for children ages 14 and under.,90
Shameless (U.S.),TV-MA,For mature audiences.  May not be suitable for children 17 and under.,110
New Girl,TV-14,Parents strongly cautioned. May be unsuitable for children ages 14 and under.,90
Revenge,TV-PG,Parental guidance suggested. May not be suitable for all children.,70
Person of Interest,TV-14,Parents strongly cautioned. May be unsuitable for children ages 14 and under.,90
Once Upon a Time,TV-PG,Parental guidance suggested. May not be suitable for all children.,70
Scandal,TV-14,Parents strongly cautioned. May be unsuitable for children ages 14 and under.,90
Forensic Files,TV-14,Parents strongly cautioned. May be unsuitable for children ages 14 and under.,90
Sherlock,TV-14,Parents strongly cautioned. May be unsuitable for children ages 14 and under.,90
The Client List,TV-14,Parents strongly cautioned. May be unsuitable for children ages 14 and under.,90
Orange Is the New Black,TV-MA,For mature audiences.  May not be suitable for children 17 and under.,110
Rectify,TV-14,Parents strongly cautioned. May be unsuitable for children ages 14 and under.,90
Black Mirror,TV-MA,For mature audiences.  May not be suitable for children 17 and under.,110
Bates Motel,TV-14,Parents strongly cautioned. May be unsuitable for children ages 14 and under.,90
The Fall,TV-MA,For mature audiences.  May not be suitable for children 17 and under.,110
The Blacklist,TV-14,Parents strongly cautioned. May be unsuitable for children ages 14 and under.,90
Being Mary Jane: The Series,TV-14,Parents strongly cautioned. May be unsuitable for children ages 14 and under.,90
American Crime,TV-14,Parents strongly cautioned. May be unsuitable for children ages 14 and under.,90
Madam Secretary,TV-14,Parents strongly cautioned. May be unsuitable for children ages 14 and under.,90
Sense8,TV-MA,For mature audiences.  May not be suitable for children 17 and under.,110
Scream,TV-14,Parents strongly cautioned. May be unsuitable for children ages 14 and under.,90
Rosewood,TV-14,Parents strongly cautioned. May be unsuitable for children ages 14 and under.,90
The Great British Baking Show,TV-PG,Parental guidance suggested. May not be suitable for all children.,70
Quantico,TV-14,Parents strongly cautioned. May be unsuitable for children ages 14 and under.,90
Limitless,TV-14,Parents strongly cautioned. May be unsuitable for children ages 14 and under.,90
American Crime Story: The People v. O.J. Simpson,TV-MA,For mature audiences.  May not be suitable for children 17 and under.,110
Santa Clarita Diet,TV-MA,For mature audiences.  May not be suitable for children 17 and under.,110
No Tomorrow,TV-14,Parents strongly cautioned. May be unsuitable for children ages 14 and under.,90
Girlboss,TV-MA,,110
13 Reasons Why,TV-MA,For mature audiences.  May not be suitable for children 17 and under.,110
The Doctor Blake Mysteries,TV-MA,For mature audiences.  May not be suitable for children 17 and under.,110
Greenleaf,TV-14,Parents strongly cautioned. May be unsuitable for children ages 14 and under.,90
The Nightmare Before Christmas,PG,some scary images,60
Scooby-Doo,PG,"some rude humor, language and some scary action",60
Chicken Little,G,General Audiences. Suitable for all ages.,35
Teenage Mutant Ninja Turtles,PG,"animated action violence, some scary cartoon images and mild language",60
Star Wars: The Clone Wars,PG,"sci-fi action violence throughout, brief language and momentary smoking",60
Coraline,PG,"thematic elements, scary images, some language and suggestive humor",60
The Smurfs and the Magic Flute,G,General Audiences. Suitable for all ages.,35
We're Back! A Dinosaur's Story,G,General Audiences. Suitable for all ages.,35
Thomas & Friends: Thomas & the Runaway Kite,TV-Y,Suitable for all ages.,10
Dino Squad,TV-Y7,Suitable for children ages 7 and older,41
Cars Toons: Mater's Tall Tales,TV-G,Suitable for all ages.,35
LeapFrog: The Amazing Alphabet Amusement Park,TV-Y,Suitable for all ages.,10
Star Wars: The Clone Wars,TV-PG,Parental guidance suggested. May not be suitable for all children.,70
Phineas and Ferb,TV-G,Suitable for all ages.,35
The Batman,TV-Y7,Suitable for children ages 7 and older,41
Justice League,TV-Y7-FV,Suitable for children ages 7 and older.  Content contains fantasy violence.,42
Justice League Unlimited,TV-Y7-FV,Suitable for children ages 7 and older.  Content contains fantasy violence.,42
Mighty Morphin Power Rangers,TV-Y7-FV,Suitable for children ages 7 and older.  Content contains fantasy violence.,42
Young Justice,TV-PG,Parental guidance suggested. May not be suitable for all children.,70
The Super Mario Bros. Super Show!,TV-Y7,Suitable for children ages 7 and older,41
Power Rangers Zeo,TV-Y7-FV,Suitable for children ages 7 and older.  Content contains fantasy violence.,42
Oscar's Oasis,TV-G,Suitable for all ages.,35
Transformers Prime,TV-Y7-FV,Suitable for children ages 7 and older.  Content contains fantasy violence.,42
The Adventures of Chuck & Friends,TV-Y,Suitable for all ages.,10
Transformers: Rescue Bots,TV-Y7,Suitable for children ages 7 and older,41
Thomas & Friends: King of the Railway,TV-G,Suitable for all ages.,35
LEGO: Marvel Super Heroes: Maximum Overload,TV-Y7-FV,Suitable for children ages 7 and older.  Content contains fantasy violence.,42
Max Steel,TV-Y7-FV,Suitable for children ages 7 and older.  Content contains fantasy violence.,42
Transformers Prime Beast Hunters: Predacons Rising,TV-Y7-FV,Suitable for children ages 7 and older.  Content contains fantasy violence.,42
Agent F.O.X.,PG,Parental guidance suggested. May not be suitable for children.,60
VeggieTales in the House,TV-Y,Suitable for all ages.,10
Thunder and the House Of Magic,TV-G,Suitable for all ages.,35
All Hail King Julien,TV-Y7-FV,Suitable for children ages 7 and older.  Content contains fantasy violence.,42
Kong: King of the Apes,TV-Y7-FV,Suitable for children ages 7 and older.  Content contains fantasy violence.,42
Marvel Super Hero Adventures: Frost Fight!,PG,fantasy action,60
Slugterra: Slug Fu Showdown,TV-Y7-FV,Suitable for children ages 7 and older.  Content contains fantasy violence.,42
Dinotrux,TV-Y7-FV,Suitable for children ages 7 and older.  Content contains fantasy violence.,42
Edgar Rice Burroughs' Tarzan and Jane,TV-Y7-FV,Suitable for children ages 7 and older.  Content contains fantasy violence.,42
Lego DC Comics: Batman Be-Leaguered,TV-Y7,Suitable for children ages 7 and older,41
Trollhunters,TV-Y7-FV,Suitable for children ages 7 and older.  Content contains fantasy violence.,42
Power Rangers Dino Charge,TV-Y7,Suitable for children ages 7 and older,41
Bunks,TV-PG,Parental guidance suggested. May not be suitable for all children.,70
The Jungle Book,PG,for some sequences of scary action and peril,60
The Angry Birds Movie,PG,for rude humor and action,60
The Secret Life of Pets,PG,for action and some rude humor,60
The Furchester Hotel,TV-Y,Suitable for all ages.,10
Marvel's Hulk: Where Monsters Dwell,PG,"action violence throughout, some scary images, and language",60
Angry Birds,TV-G,Suitable for all ages.,35
Talking Tom and Friends,TV-G,Suitable for all ages.,35
Nexo Knights,TV-Y7-FV,Suitable for children ages 7 and older.  Content contains fantasy violence.,42
The Nightmare Before Christmas,PG,some scary images,60
An Extremely Goofy Movie,G,General Audiences. Suitable for all ages.,35
Scooby-Doo,PG,"some rude humor, language and some scary action",60
The Iron Giant,PG,fantasy action and mild language,60
Star Wars: The Clone Wars,PG,"sci-fi action violence throughout, brief language and momentary smoking",60
Cars Toons: Mater's Tall Tales,TV-G,Suitable for all ages.,35
The Batman,TV-Y7,Suitable for children ages 7 and older,41
Justice League,TV-Y7-FV,Suitable for children ages 7 and older.  Content contains fantasy violence.,42
Justice League Unlimited,TV-Y7-FV,Suitable for children ages 7 and older.  Content contains fantasy violence.,42
The Cat in the Hat Knows a Lot About That!,TV-Y,Suitable for all ages.,10
Mighty Morphin Power Rangers,TV-Y7-FV,Suitable for children ages 7 and older.  Content contains fantasy violence.,42
Bob the Builder,TV-Y,Suitable for all ages.,10
Beyblade: Metal Fusion,TV-Y7,Suitable for children ages 7 and older,41
Ninja Turtles: The Next Mutation,TV-Y7-FV,Suitable for children ages 7 and older.  Content contains fantasy violence.,42
Transformers Prime,TV-Y7-FV,Suitable for children ages 7 and older.  Content contains fantasy violence.,42
DreamWorks Kung Fu Panda Awesome Secrets,TV-PG,Parental guidance suggested. May not be suitable for all children.,70
LEGO Ninjago: Masters of Spinjitzu,TV-Y7-FV,Suitable for children ages 7 and older.  Content contains fantasy violence.,42
Transformers: Rescue Bots,TV-Y7,Suitable for children ages 7 and older,41
Goosebumps,TV-Y7,Suitable for children ages 7 and older,41
LEGO Ninjago: Masters of Spinjitzu: Way of the Ninja,TV-Y7-FV,Suitable for children ages 7 and older.  Content contains fantasy violence.,42
Super Buddies,G,General Audiences. Suitable for all ages.,35
Tad: The Lost Explorer,TV-PG,Parental guidance suggested. May not be suitable for all children.,70
PokÌ©mon: Indigo League,TV-Y,Suitable for all ages.,10
Ratchet and Clank,PG,action and some rude humor,60
Pac-Man and the Ghostly Adventures,TV-Y7,Suitable for children ages 7 and older,41
Iron Man & Captain America: Heroes United,PG,"action and violence throughout, and mild language",60
Power Rangers Super Megaforce,TV-Y7,Suitable for children ages 7 and older,41
Chuggington,TV-Y,Suitable for all ages.,10
All Hail King Julien,TV-Y7-FV,Suitable for children ages 7 and older.  Content contains fantasy violence.,42
The Adventures of Puss in Boots,TV-Y7-FV,Suitable for children ages 7 and older.  Content contains fantasy violence.,42
Kong: King of the Apes,TV-Y7-FV,Suitable for children ages 7 and older.  Content contains fantasy violence.,42
Marvel Super Hero Adventures: Frost Fight!,PG,fantasy action,60
Some Assembly Required,TV-G,Suitable for all ages.,35
Dinotrux,TV-Y7-FV,Suitable for children ages 7 and older.  Content contains fantasy violence.,42
Edgar Rice Burroughs' Tarzan and Jane,TV-Y7-FV,Suitable for children ages 7 and older.  Content contains fantasy violence.,42
Kulipari: An Army of Frogs,TV-Y7-FV,Suitable for children ages 7 and older.  Content contains fantasy violence.,42
Transformers: Robots in Disguise,TV-Y7,Suitable for children ages 7 and older,41
Robocar Poli,TV-Y,Suitable for all ages.,10
LEGO Bionicle: The Journey to One,TV-Y7-FV,Suitable for children ages 7 and older.  Content contains fantasy violence.,42
Lego DC Comics: Batman Be-Leaguered,TV-Y7,Suitable for children ages 7 and older,41
Voltron: Legendary Defender,TV-Y7-FV,Suitable for children ages 7 and older.  Content contains fantasy violence.,42
Trollhunters,TV-Y7-FV,Suitable for children ages 7 and older.  Content contains fantasy violence.,42
Buddy Thunderstruck,TV-PG,Parental guidance suggested. May not be suitable for all children.,70
Power Rangers Dino Charge,TV-Y7,Suitable for children ages 7 and older,41
PokÌ©mon: XY,TV-Y7-FV,Suitable for children ages 7 and older.  Content contains fantasy violence.,42
Power Rangers Dino Super Charge,TV-Y7,Suitable for children ages 7 and older,41
The Deep,TV-Y7,Suitable for children ages 7 and older,41
Skylanders Academy,TV-Y7,Suitable for children ages 7 and older,41
Marvel's Hulk: Where Monsters Dwell,PG,"action violence throughout, some scary images, and language",60
Growing Up Wild,G,,35
The Little Rascals,PG,some rude dialogue,60
Flubber,PG,slapstick action and mild language,60
Tarzan,G,General Audiences. Suitable for all ages.,35
The Emperor's New Groove,G,General Audiences. Suitable for all ages.,35
Scooby-Doo,PG,"some rude humor, language and some scary action",60
Lilo & Stitch,PG,mild sci-fi action,60
Scooby-Doo 2: Monsters Unleashed,PG,"some scary action, rude humor and language",60
The Three Musketeers,G,General Audiences. Suitable for all ages.,35
Mickey's Twice Upon a Christmas,G,General Audiences. Suitable for all ages.,35
The Pacifier,PG,"action violence, language and rude humor",60
Chicken Little,G,General Audiences. Suitable for all ages.,35
Teenage Mutant Ninja Turtles,PG,"animated action violence, some scary cartoon images and mild language",60
Bee Movie,PG,mild suggestive humor,60
Kung Fu Panda,PG,sequences of martial arts action,60
Coraline,PG,"thematic elements, scary images, some language and suggestive humor",60
Cars Toons: Mater's Tall Tales,TV-G,Suitable for all ages.,35
Phineas and Ferb,TV-G,Suitable for all ages.,35
Super Why!,TV-Y,Suitable for all ages.,10
Jessie,TV-G,Suitable for all ages.,35
Disney Animation Collection: Vol. 1: Mickey and the Beanstalk,TV-G,Suitable for all ages.,35
Lab Rats,TV-Y7,Suitable for children ages 7 and older,41
Masha and the Bear,TV-Y,Suitable for all ages.,10
Pocoyo,TV-Y,Suitable for all ages.,10
Home,PG,mild action and some rude humor,60
Chuggington,TV-Y,Suitable for all ages.,10
Octonauts,TV-Y,Suitable for all ages.,10
Dragons: Race to the Edge,TV-Y7-FV,Suitable for children ages 7 and older.  Content contains fantasy violence.,42
Mother Goose Club,TV-Y,Suitable for all ages.,10
Little Einsteins,TV-Y,Suitable for all ages.,10
Hotel Transylvania 2,PG,"some scary images, action and rude humor",60
Dawn of the Croods,TV-Y7,Suitable for children ages 7 and older,41
Dinotrux,TV-Y7-FV,Suitable for children ages 7 and older.  Content contains fantasy violence.,42
Goosebumps,PG,"scary and intense creature action and images, and for some rude humor",60
Kung Fu Panda 3,PG,martial arts action and some mild rude humor,60
Zootopia,PG,"some thematic elements, rude humor and action",60
The Jungle Book,PG,for some sequences of scary action and peril,60
Home: Adventures with Tip & Oh,TV-Y7,Suitable for children ages 7 and older,41
Open Season: Scared Silly,PG,rude humor and some action,60
The Land Before Time XIV: Journey of the Brave,G,General Audiences. Suitable for all ages.,35
The Angry Birds Movie,PG,for rude humor and action,60
Alice Through the Looking Glass,PG,fantasy action/peril and some language,60
Finding Dory,PG,mild thematic elements,60
The Secret Life of Pets,PG,for action and some rude humor,60
Ask the StoryBots,TV-Y,Suitable for all ages.,10
The Furchester Hotel,TV-Y,Suitable for all ages.,10
Goldie & Bear,TV-Y,Suitable for all ages.,10
Little Baby Bum: Nursery Rhyme Friends,TV-Y,Suitable for all ages.,10
Angry Birds,TV-G,Suitable for all ages.,35
Tayo the Little Bus,TV-Y,Suitable for all ages.,10
Talking Tom and Friends,TV-G,Suitable for all ages.,35
The Little Rascals,PG,some rude dialogue,60
Antz,PG,moderate adult language and intense action,60
Tarzan,G,General Audiences. Suitable for all ages.,35
An Extremely Goofy Movie,G,General Audiences. Suitable for all ages.,35
Chicken Run,G,General Audiences. Suitable for all ages.,35
The Emperor's New Groove,G,General Audiences. Suitable for all ages.,35
Lilo & Stitch,PG,mild sci-fi action,60
Spy Kids 3: Game Over,PG,action sequences and peril,60
Annie,PG,adult content and mld violence,60
Mulan 2,G,General Audiences. Suitable for all ages.,35
Chicken Little,G,General Audiences. Suitable for all ages.,35
Lilo & Stitch 2: Stitch Has A Glitch,PG,some mild action,60
Teenage Mutant Ninja Turtles,PG,"animated action violence, some scary cartoon images and mild language",60
Bee Movie,PG,mild suggestive humor,60
Kung Fu Panda,PG,sequences of martial arts action,60
Cars Toons: Mater's Tall Tales,TV-G,Suitable for all ages.,35
Super Why!,TV-Y,Suitable for all ages.,10
DreamWorks Shrek's Swamp Stories,TV-PG,Parental guidance suggested. May not be suitable for all children.,70
Beverly Hills Chihuahua 3: Viva La Fiesta!,G,General Audiences. Suitable for all ages.,35
DreamWorks Spooky Stories: Volume 2,TV-PG,Parental guidance suggested. May not be suitable for all children.,70
The Magic School Bus,TV-Y,Suitable for all ages.,10
Goosebumps,TV-Y7,Suitable for children ages 7 and older,41
Sammy 2,TV-PG,Parental guidance suggested. May not be suitable for all children.,70
Disney Animation Collection: Vol. 1: Mickey and the Beanstalk,TV-G,Suitable for all ages.,35
Masha and the Bear,TV-Y,Suitable for all ages.,10
Pocoyo,TV-Y,Suitable for all ages.,10
Sofia the First,TV-Y,Suitable for all ages.,10
Barbie Life in the Dreamhouse,TV-G,Suitable for all ages.,35
Paddington,PG,mild action and rude humor,60
Larva,TV-G,Suitable for all ages.,35
Sid the Science Kid,TV-Y,Suitable for all ages.,10
Chuggington,TV-Y,Suitable for all ages.,10
All Hail King Julien,TV-Y7-FV,Suitable for children ages 7 and older.  Content contains fantasy violence.,42
Octonauts,TV-Y,Suitable for all ages.,10
Minions,PG,action and rude humor,60
Dragons: Race to the Edge,TV-Y7-FV,Suitable for children ages 7 and older.  Content contains fantasy violence.,42
Little Einsteins,TV-Y,Suitable for all ages.,10
Hotel Transylvania 2,PG,"some scary images, action and rude humor",60
Dinotrux,TV-Y7-FV,Suitable for children ages 7 and older.  Content contains fantasy violence.,42
The Little Prince,PG,mild thematic elements,60
Word Party,TV-Y,Suitable for all ages.,10
Zootopia,PG,"some thematic elements, rude humor and action",60
The Jungle Book,PG,for some sequences of scary action and peril,60
Home: Adventures with Tip & Oh,TV-Y7,Suitable for children ages 7 and older,41
Open Season: Scared Silly,PG,rude humor and some action,60
The Angry Birds Movie,PG,for rude humor and action,60
Finding Dory,PG,mild thematic elements,60
The Secret Life of Pets,PG,for action and some rude humor,60
Goldie & Bear,TV-Y,Suitable for all ages.,10
Talking Tom and Friends,TV-G,Suitable for all ages.,35
Cool Runnings,PG,Parental guidance suggested. May not be suitable for children.,60
Homeward Bound: The Incredible Journey,G,General Audiences. Suitable for all ages.,35
The Little Rascals,PG,some rude dialogue,60
Anastasia,G,General Audiences. Suitable for all ages.,35
Tarzan,G,General Audiences. Suitable for all ages.,35
The Emperor's New Groove,G,General Audiences. Suitable for all ages.,35
Scooby-Doo,PG,"some rude humor, language and some scary action",60
Lilo & Stitch,PG,mild sci-fi action,60
Missione Hamburger,PG,"language, some comic violence and mild sex-related humor",60
Chicken Little,G,General Audiences. Suitable for all ages.,35
Curious George,G,General Audiences. Suitable for all ages.,35
Bee Movie,PG,mild suggestive humor,60
Kung Fu Panda,PG,sequences of martial arts action,60
Coraline,PG,"thematic elements, scary images, some language and suggestive humor",60
Cars Toons: Mater's Tall Tales,TV-G,Suitable for all ages.,35
Super Why!,TV-Y,Suitable for all ages.,10
Jessie,TV-G,Suitable for all ages.,35
Secret of the Wings,G,General Audiences. Suitable for all ages.,35
The Magic School Bus,TV-Y,Suitable for all ages.,10
Sammy 2,TV-PG,Parental guidance suggested. May not be suitable for all children.,70
Masha and the Bear,TV-Y,Suitable for all ages.,10
Sofia the First,TV-Y,Suitable for all ages.,10
Barbie Life in the Dreamhouse,TV-G,Suitable for all ages.,35
Clifford the Big Red Dog,TV-Y,Suitable for all ages.,10
Home,PG,mild action and some rude humor,60
Paddington,PG,mild action and rude humor,60
Chuggington,TV-Y,Suitable for all ages.,10
Octonauts,TV-Y,Suitable for all ages.,10
Minions,PG,action and rude humor,60
Dragons: Race to the Edge,TV-Y7-FV,Suitable for children ages 7 and older.  Content contains fantasy violence.,42
Little Einsteins,TV-Y,Suitable for all ages.,10
Hotel Transylvania 2,PG,"some scary images, action and rude humor",60
Dinotrux,TV-Y7-FV,Suitable for children ages 7 and older.  Content contains fantasy violence.,42
Walt Disney Animation Studios Short Films Collection,TV-G,Suitable for all ages.,35
Kung Fu Panda 3,PG,martial arts action and some mild rude humor,60
Bunk'd,TV-G,Suitable for all ages.,35
Zootopia,PG,"some thematic elements, rude humor and action",60
The Jungle Book,PG,for some sequences of scary action and peril,60
Open Season: Scared Silly,PG,rude humor and some action,60
The Land Before Time XIV: Journey of the Brave,G,General Audiences. Suitable for all ages.,35
The Angry Birds Movie,PG,for rude humor and action,60
Alice Through the Looking Glass,PG,fantasy action/peril and some language,60
The BFG,PG,"for action/peril, some scary moments and brief rude humor",60
The Secret Life of Pets,PG,for action and some rude humor,60
Pete's Dragon,PG,"for action, peril and brief language",60
Kubo and the Two Strings,PG,"thematic elements, scary images, action and peril",60
Goldie & Bear,TV-Y,Suitable for all ages.,10
Little Baby Bum: Nursery Rhyme Friends,TV-Y,Suitable for all ages.,10
Growing Up Wild,G,,35
The Real Ghostbusters,TV-Y7,Suitable for children ages 7 and older,41
Cool Runnings,PG,Parental guidance suggested. May not be suitable for children.,60
Anastasia,G,General Audiences. Suitable for all ages.,35
Antz,PG,moderate adult language and intense action,60
Babe: Pig in the City,G,General Audiences. Suitable for all ages.,35
The Prince of Egypt,PG,intense scenes dealing with strong content,60
Paulie,PG,Parental guidance suggested. May not be suitable for children.,60
Tarzan,G,General Audiences. Suitable for all ages.,35
The Road to El Dorado,PG,mild thematic material and language,60
Fantasia 2000,G,General Audiences. Suitable for all ages.,35
Pocahontas II: Journey to a New World,TV-G,Suitable for all ages.,35
The Emperor's New Groove,G,General Audiences. Suitable for all ages.,35
Fantasia,G,General Audiences. Suitable for all ages.,35
An American Tail,G,General Audiences. Suitable for all ages.,35
Pooh's Grand Adventure: The Search for Christopher Robin,G,General Audiences. Suitable for all ages.,35
FernGully 2: The Magical Rescue,G,General Audiences. Suitable for all ages.,35
Balto 2: Wolf Quest,G,General Audiences. Suitable for all ages.,35
Balto,G,General Audiences. Suitable for all ages.,35
Back to the Secret Garden,G,General Audiences. Suitable for all ages.,35
The Brave Little Toaster Goes to Mars,G,General Audiences. Suitable for all ages.,35
The Brave Little Toaster to the Rescue,G,General Audiences. Suitable for all ages.,35
An American Tail: The Mystery of the Night Monster,G,General Audiences. Suitable for all ages.,35
An American Tail: Fievel Goes West,G,General Audiences. Suitable for all ages.,35
The Last Unicorn,G,General Audiences. Suitable for all ages.,35
The Iron Giant,PG,fantasy action and mild language,60
Brother Bear 2,G,General Audiences. Suitable for all ages.,35
The Fox and the Hound 2,G,General Audiences. Suitable for all ages.,35
The Smurfs and the Magic Flute,G,General Audiences. Suitable for all ages.,35
Jetsons: The Movie,G,General Audiences. Suitable for all ages.,35
We're Back! A Dinosaur's Story,G,General Audiences. Suitable for all ages.,35
A Monster in Paris,PG,"some action violence involving gunplay, and mild rude humor",60
The Gruffalo,TV-Y,Suitable for all ages.,10
DreamWorks How to Train Your Dragon Legends,TV-PG,Parental guidance suggested. May not be suitable for all children.,70
Ernest & Celestine,PG,some scary moments,60
The Magic School Bus,TV-Y,Suitable for all ages.,10
Animaniacs,TV-Y7,Suitable for children ages 7 and older,41
Disney Animation Collection: Vol. 4: The Tortoise and the Hare,TV-G,Suitable for all ages.,35
PopPixie,TV-G,Suitable for all ages.,35
Jack and the Cuckoo-Clock Heart,PG,"scary images, suggestive material, some language and smoking",60
The Pirate Fairy,G,General Audiences. Suitable for all ages.,35
Axel: The Biggest Little Hero,PG,"some scary images, perilous action sequences and mild rude humor",60
The Adventures of Figaro Pho,TV-Y7,Suitable for children ages 7 and older,41
The Boxcar Children,G,General Audiences. Suitable for all ages.,35
Pet Pals in Windland,TV-G,Suitable for all ages.,35
Walt Disney Animation Studios Short Films Collection,TV-G,Suitable for all ages.,35
Alpha and Omega: Dino Digs,TV-G,Suitable for all ages.,35
Alice Through the Looking Glass,PG,fantasy action/peril and some language,60
Quackerz,PG,"rude and suggestive humor, and some action",60
Hatched,TV-Y7,Suitable for children ages 7 and older,41
Blinky Bill: The Movie,PG,some rude humor,60
The Real Ghostbusters,TV-Y7,Suitable for children ages 7 and older,41
Flubber,PG,slapstick action and mild language,60
Anastasia,G,General Audiences. Suitable for all ages.,35
An Extremely Goofy Movie,G,General Audiences. Suitable for all ages.,35
An American Tail,G,General Audiences. Suitable for all ages.,35
Scooby-Doo,PG,"some rude humor, language and some scary action",60
FernGully: The Last Rainforest,G,General Audiences. Suitable for all ages.,35
Balto 2: Wolf Quest,G,General Audiences. Suitable for all ages.,35
Balto,G,General Audiences. Suitable for all ages.,35
The Lizzie McGuire Movie,PG,mild thematic elements,60
The Brave Little Toaster Goes to Mars,G,General Audiences. Suitable for all ages.,35
The Brave Little Toaster to the Rescue,G,General Audiences. Suitable for all ages.,35
Recess: Taking the Fifth Grade,G,General Audiences. Suitable for all ages.,35
An American Tail: The Mystery of the Night Monster,G,General Audiences. Suitable for all ages.,35
An American Tail: Fievel Goes West,G,General Audiences. Suitable for all ages.,35
The Iron Giant,PG,fantasy action and mild language,60
The Very Hungry Caterpillar and Other Stories,TV-Y,Suitable for all ages.,10
The Hero of Color City,G,General Audiences. Suitable for all ages.,35
Dino Squad,TV-Y7,Suitable for children ages 7 and older,41
The Little Engine That Could,G,General Audiences. Suitable for all ages.,35
Delhi Safari,PG,"violence and menacing action, rude humor, suggestive content and thematic elements",60
Ninja Turtles: The Next Mutation,TV-Y7-FV,Suitable for children ages 7 and older.  Content contains fantasy violence.,42
Pound Puppies,TV-Y,Suitable for all ages.,10
Sammy 2,TV-PG,Parental guidance suggested. May not be suitable for all children.,70
Monster Math Squad,TV-G,Suitable for all ages.,35
Care Bears: Welcome to Care-a-Lot,TV-Y,Suitable for all ages.,10
Clifford the Big Red Dog,TV-Y,Suitable for all ages.,10
Clifford's Puppy Days,TV-Y,Suitable for all ages.,10
Axel: The Biggest Little Hero,PG,"some scary images, perilous action sequences and mild rude humor",60
Agent F.O.X.,PG,Parental guidance suggested. May not be suitable for children.,60
Dinosaur King,TV-Y7-FV,Suitable for children ages 7 and older.  Content contains fantasy violence.,42
Ribbit,PG,some peril,60
Chuggington,TV-Y,Suitable for all ages.,10
Rooster Doodle-doo,TV-G,Suitable for all ages.,35
Octonauts,TV-Y,Suitable for all ages.,10
Kong: King of the Apes,TV-Y7-FV,Suitable for children ages 7 and older.  Content contains fantasy violence.,42
My Animal Friends,TV-Y,Suitable for all ages.,10
Worms,PG,Parental guidance suggested. May not be suitable for children.,60
Puffin Rock,TV-Y,Suitable for all ages.,10
Little Einsteins,TV-Y,Suitable for all ages.,10
Hotel Transylvania 2,PG,"some scary images, action and rude humor",60
Dinotrux,TV-Y7-FV,Suitable for children ages 7 and older.  Content contains fantasy violence.,42
The Mr. Peabody and Sherman Show,TV-Y7,Suitable for children ages 7 and older,41
Zoobabu,TV-Y,Suitable for all ages.,10
Alpha and Omega: Dino Digs,TV-G,Suitable for all ages.,35
Gon,TV-G,Suitable for all ages.,35
Sid the Science Kid: The Movie,TV-Y,Suitable for all ages.,10
The Land Before Time XIV: Journey of the Brave,G,General Audiences. Suitable for all ages.,35
The Secret Life of Pets,PG,for action and some rude humor,60
LEGO Jurassic World: The Indominus Escape,TV-Y7,Suitable for children ages 7 and older,41
The Real Ghostbusters,TV-Y7,Suitable for children ages 7 and older,41
Cool Runnings,PG,Parental guidance suggested. May not be suitable for children.,60
Anastasia,G,General Audiences. Suitable for all ages.,35
Antz,PG,moderate adult language and intense action,60
Babe: Pig in the City,G,General Audiences. Suitable for all ages.,35
The Prince of Egypt,PG,intense scenes dealing with strong content,60
Paulie,PG,Parental guidance suggested. May not be suitable for children.,60
Tarzan,G,General Audiences. Suitable for all ages.,35
The Road to El Dorado,PG,mild thematic material and language,60
Fantasia 2000,G,General Audiences. Suitable for all ages.,35
Pocahontas II: Journey to a New World,TV-G,Suitable for all ages.,35
The Emperor's New Groove,G,General Audiences. Suitable for all ages.,35
Fantasia,G,General Audiences. Suitable for all ages.,35
An American Tail,G,General Audiences. Suitable for all ages.,35
Pooh's Grand Adventure: The Search for Christopher Robin,G,General Audiences. Suitable for all ages.,35
FernGully 2: The Magical Rescue,G,General Audiences. Suitable for all ages.,35
Balto 2: Wolf Quest,G,General Audiences. Suitable for all ages.,35
Balto,G,General Audiences. Suitable for all ages.,35
Back to the Secret Garden,G,General Audiences. Suitable for all ages.,35
The Brave Little Toaster Goes to Mars,G,General Audiences. Suitable for all ages.,35
The Brave Little Toaster to the Rescue,G,General Audiences. Suitable for all ages.,35
An American Tail: The Mystery of the Night Monster,G,General Audiences. Suitable for all ages.,35
An American Tail: Fievel Goes West,G,General Audiences. Suitable for all ages.,35
The Last Unicorn,G,General Audiences. Suitable for all ages.,35
The Iron Giant,PG,fantasy action and mild language,60
Brother Bear 2,G,General Audiences. Suitable for all ages.,35
The Fox and the Hound 2,G,General Audiences. Suitable for all ages.,35
The Smurfs and the Magic Flute,G,General Audiences. Suitable for all ages.,35
Jetsons: The Movie,G,General Audiences. Suitable for all ages.,35
We're Back! A Dinosaur's Story,G,General Audiences. Suitable for all ages.,35
A Monster in Paris,PG,"some action violence involving gunplay, and mild rude humor",60
The Gruffalo,TV-Y,Suitable for all ages.,10
DreamWorks How to Train Your Dragon Legends,TV-PG,Parental guidance suggested. May not be suitable for all children.,70
Ernest & Celestine,PG,some scary moments,60
The Magic School Bus,TV-Y,Suitable for all ages.,10
Animaniacs,TV-Y7,Suitable for children ages 7 and older,41
Disney Animation Collection: Vol. 4: The Tortoise and the Hare,TV-G,Suitable for all ages.,35
PopPixie,TV-G,Suitable for all ages.,35
Jack and the Cuckoo-Clock Heart,PG,"scary images, suggestive material, some language and smoking",60
The Pirate Fairy,G,General Audiences. Suitable for all ages.,35
Axel: The Biggest Little Hero,PG,"some scary images, perilous action sequences and mild rude humor",60
The Adventures of Figaro Pho,TV-Y7,Suitable for children ages 7 and older,41
The Boxcar Children,G,General Audiences. Suitable for all ages.,35
Pet Pals in Windland,TV-G,Suitable for all ages.,35
Walt Disney Animation Studios Short Films Collection,TV-G,Suitable for all ages.,35
Alpha and Omega: Dino Digs,TV-G,Suitable for all ages.,35
Alice Through the Looking Glass,PG,fantasy action/peril and some language,60
Quackerz,PG,"rude and suggestive humor, and some action",60
Hatched,TV-Y7,Suitable for children ages 7 and older,41
Blinky Bill: The Movie,PG,some rude humor,60
The Real Ghostbusters,TV-Y7,Suitable for children ages 7 and older,41
Cool Runnings,PG,Parental guidance suggested. May not be suitable for children.,60
Homeward Bound: The Incredible Journey,G,General Audiences. Suitable for all ages.,35
Anastasia,G,General Audiences. Suitable for all ages.,35
Antz,PG,moderate adult language and intense action,60
Babe: Pig in the City,G,General Audiences. Suitable for all ages.,35
The Road to El Dorado,PG,mild thematic material and language,60
Fantasia 2000,G,General Audiences. Suitable for all ages.,35
Fantasia,G,General Audiences. Suitable for all ages.,35
Harry and the Hendersons,PG,Parental guidance suggested. May not be suitable for children.,60
Pooh's Grand Adventure: The Search for Christopher Robin,G,General Audiences. Suitable for all ages.,35
Cats & Dogs,PG,animal action and humor,60
Atlantis: The Lost Empire,PG,action violence,60
FernGully: The Last Rainforest,G,General Audiences. Suitable for all ages.,35
Balto 2: Wolf Quest,G,General Audiences. Suitable for all ages.,35
Balto,G,General Audiences. Suitable for all ages.,35
Back to the Secret Garden,G,General Audiences. Suitable for all ages.,35
Tarzan & Jane,G,General Audiences. Suitable for all ages.,35
Atlantis: Milo's Return,G,General Audiences. Suitable for all ages.,35
The Brave Little Toaster Goes to Mars,G,General Audiences. Suitable for all ages.,35
The Brave Little Toaster to the Rescue,G,General Audiences. Suitable for all ages.,35
Annie,PG,adult content and mld violence,60
Recess: Taking the Fifth Grade,G,General Audiences. Suitable for all ages.,35
An American Tail: The Mystery of the Night Monster,G,General Audiences. Suitable for all ages.,35
Batched,G,General Audiences. Suitable for all ages.,35
An American Tail: Fievel Goes West,G,General Audiences. Suitable for all ages.,35
Winnie the Pooh: Springtime with Roo,G,General Audiences. Suitable for all ages.,35
The Last Unicorn,G,General Audiences. Suitable for all ages.,35
The Iron Giant,PG,fantasy action and mild language,60
Mulan 2,G,General Audiences. Suitable for all ages.,35
Pooh's Heffalump Movie,G,General Audiences. Suitable for all ages.,35
Kronk's New Groove,G,General Audiences. Suitable for all ages.,35
Corpse Bride,PG,"some scary images and action, and brief mild language",60
Brother Bear 2,G,General Audiences. Suitable for all ages.,35
The Smurfs and the Magic Flute,G,General Audiences. Suitable for all ages.,35
Jetsons: The Movie,G,General Audiences. Suitable for all ages.,35
We're Back! A Dinosaur's Story,G,General Audiences. Suitable for all ages.,35
Ernest & Celestine,PG,some scary moments,60
Animaniacs,TV-Y7,Suitable for children ages 7 and older,41
Disney Animation Collection: Vol. 1: Mickey and the Beanstalk,TV-G,Suitable for all ages.,35
Disney Animation Collection: Vol. 2: Three Little Pigs,TV-G,Suitable for all ages.,35
Disney Animation Collection: Vol. 4: The Tortoise and the Hare,TV-G,Suitable for all ages.,35
The Pirate Fairy,G,General Audiences. Suitable for all ages.,35
Underdogs,PG,Parental guidance suggested. May not be suitable for children.,60
The Boxcar Children,G,General Audiences. Suitable for all ages.,35
Ribbit,PG,some peril,60
Yellowbird,PG,Parental guidance suggested. May not be suitable for children.,60
Octonauts,TV-Y,Suitable for all ages.,10
The Land Before Time XIV: Journey of the Brave,G,General Audiences. Suitable for all ages.,35
Quackerz,PG,"rude and suggestive humor, and some action",60
Growing Up Wild,G,,35
Cool Runnings,PG,Parental guidance suggested. May not be suitable for children.,60
Mr. Magoo,PG,mild language and action sequences,60
Flubber,PG,slapstick action and mild language,60
Anastasia,G,General Audiences. Suitable for all ages.,35
Antz,PG,moderate adult language and intense action,60
Babe: Pig in the City,G,General Audiences. Suitable for all ages.,35
Paulie,PG,Parental guidance suggested. May not be suitable for children.,60
The Road to El Dorado,PG,mild thematic material and language,60
Air Bud: World Pup,G,General Audiences. Suitable for all ages.,35
An American Tail,G,General Audiences. Suitable for all ages.,35
Harry and the Hendersons,PG,Parental guidance suggested. May not be suitable for children.,60
Cats & Dogs,PG,animal action and humor,60
Baby's Day Out,PG,mild language and comic action,60
Balto 2: Wolf Quest,G,General Audiences. Suitable for all ages.,35
Balto,G,General Audiences. Suitable for all ages.,35
Back to the Secret Garden,G,General Audiences. Suitable for all ages.,35
Blank Check,PG,Parental guidance suggested. May not be suitable for children.,60
Heavyweights,PG,some rude language and pranks,60
Inspector Gadget 2,G,General Audiences. Suitable for all ages.,35
Air Bud: Spikes Back,G,General Audiences. Suitable for all ages.,35
Annie,PG,adult content and mld violence,60
An American Tail: Fievel Goes West,G,General Audiences. Suitable for all ages.,35
D2: The Mighty Ducks,PG,some mild language and rough hockey action,60
"Honey, I Shrunk the Kids",PG,Parental guidance suggested. May not be suitable for children.,60
The Iron Giant,PG,fantasy action and mild language,60
The Fox and the Hound 2,G,General Audiences. Suitable for all ages.,35
Air Buddies,PG,"some mild, rude humor",60
Dr. Dolittle: Tail to the Chief,PG,brief mild language and some rude behavior,60
Flicka 2,PG,some reckless behavior,60
H2O: Just Add Water,TV-PG,Parental guidance suggested. May not be suitable for all children.,70
The Gruffalo,TV-Y,Suitable for all ages.,10
Dolphin Tale,PG,some mild thematic elements,60
Pound Puppies,TV-Y,Suitable for all ages.,10
Beverly Hills Chihuahua 3: Viva La Fiesta!,G,General Audiences. Suitable for all ages.,35
The Magic School Bus,TV-Y,Suitable for all ages.,10
Step Dogs,TV-PG,Parental guidance suggested. May not be suitable for all children.,70
PokÌ©mon: Indigo League,TV-Y,Suitable for all ages.,10
Mia and Me,TV-Y,Suitable for all ages.,10
Paddington,PG,mild action and rude humor,60
Russell Madness,PG,some rude humor and sports action,60
My Animal Friends,TV-Y,Suitable for all ages.,10
Dawn of the Croods,TV-Y7,Suitable for children ages 7 and older,41
Alpha and Omega: Dino Digs,TV-G,Suitable for all ages.,35
Wiener Dog Internationals,G,General Audiences. Suitable for all ages.,35
Pup Star,G,General Audiences. Suitable for all ages.,35
The BFG,PG,"for action/peril, some scary moments and brief rude humor",60
The Secret Life of Pets,PG,for action and some rude humor,60
Precious Puppies,TV-G,Suitable for all ages.,35
Beary Tales,TV-G,Suitable for all ages.,35
